{
  "name": "Berserker",
  "mainDeck": [
    {
      "count": 23,
      "colors": [
        "Red",
        "Black",
        "Green"
      ],
      "subTypes": [
        "Berserker"
      ],
      "rarity": [
        "Common",
        "Uncommon"
      ]
    },
    {
      "count": 15,
      "colors": [
        "Red",
        "Black",
        "Green"
      ],
      "subTypes": [
        "Berserker"
      ],
      "rarity": [
        "Rare",
        "Mythic Rare"
      ]
    },
    {
      "type": "card",
      "count": 8,
      "cardName": "Mountain|PTK"
    },
    {
      "type": "card",
      "count": 7,
      "cardName": "Swamp|PTK"
    },
    {
      "type": "card",
      "count": 7,
      "cardName": "Forest|PTK"
    }
  ]
}