{
  "name": "Centaur",
  "mainDeck": [
    {
      "count": 15,
      "colors": [
        "White",
        "Green"
      ],
      "subTypes": [
        "Centaur"
      ],
      "rarity": [
        "Common",
        "Uncommon"
      ]
    },
    {
      "count": 23,
      "colors": [
        "White",
        "Green"
      ],
      "subTypes": [
        "Centaur"
      ],
      "rarity": [
        "Rare",
        "Mythic Rare"
      ]
    },
    {
      "type": "card",
      "count": 11,
      "cardName": "Plains|LEB"
    },
    {
      "type": "card",
      "count": 11,
      "cardName": "Forest|LEB"
    }
  ]
}