{
  "name": "Construct",
  "mainDeck": [
    {
      "count": 34,
      "colors": [
        "Black",
        "Green"
      ],
      "subTypes": [
        "Construct"
      ],
      "rarity": [
        "Common",
        "Uncommon"
      ]
    },
    {
      "count": 4,
      "colors": [
        "Black",
        "Green"
      ],
      "subTypes": [
        "Construct"
      ],
      "rarity": [
        "Rare",
        "Mythic Rare"
      ]
    },
    {
      "type": "card",
      "count": 11,
      "cardName": "Swamp|7ED"
    },
    {
      "type": "card",
      "count": 11,
      "cardName": "Forest|7ED"
    }
  ]
}