{
  "name": "Death Knight",
  "mainDeck": [
    {
      "count": 19,
      "colors": [
        "Black"
      ],
      "subTypes": [
        "Knight"
      ],
      "rarity": [
        "Common",
        "Uncommon"
      ]
    },
    {
      "count": 19,
      "colors": [
        "Black"
      ],
      "subTypes": [
        "Knight"
      ],
      "rarity": [
        "Rare",
        "Mythic Rare"
      ]
    },
    {
      "type": "card",
      "count": 22,
      "cardName": "Swamp|TMP"
    }
  ]
}