{
  "name": "Devil",
  "mainDeck": [
    {
      "count": 34,
      "colors": [
        "Red",
        "Black"
      ],
      "subTypes": [
        "Devil"
      ],
      "rarity": [
        "Common",
        "Uncommon"
      ]
    },
    {
      "count": 4,
      "colors": [
        "Red",
        "Black"
      ],
      "subTypes": [
        "Devil"
      ],
      "rarity": [
        "Rare",
        "Mythic Rare"
      ]
    },
    {
      "type": "card",
      "count": 11,
      "cardName": "Mountain|UGL"
    },
    {
      "type": "card",
      "count": 11,
      "cardName": "Swamp|UGL"
    }
  ]
}