{
  "name": "Dinosaur",
  "mainDeck": [
    {
      "count": 8,
      "colors": [
        "Green",
        "Red",
        "White"
      ],
      "subTypes": [
        "Dinosaur"
      ],
      "rarity": [
        "Common",
        "Uncommon"
      ]
    },
    {
      "count": 30,
      "colors": [
        "Green",
        "Red",
        "White"
      ],
      "subTypes": [
        "Dinosaur"
      ],
      "rarity": [
        "Rare",
        "Mythic Rare"
      ]
    },
    {
      "type": "card",
      "count": 8,
      "cardName": "Forest|6ED"
    },
    {
      "type": "card",
      "count": 7,
      "cardName": "Mountain|6ED"
    },
    {
      "type": "card",
      "count": 7,
      "cardName": "Plains|6ED"
    }
  ]
}