{
  "name": "Djinn",
  "mainDeck": [
    {
      "count": 19,
      "colors": [
        "Blue",
        "Red"
      ],
      "subTypes": [
        "Djinn"
      ],
      "rarity": [
        "Common",
        "Uncommon"
      ]
    },
    {
      "count": 19,
      "colors": [
        "Blue",
        "Red"
      ],
      "subTypes": [
        "Djinn"
      ],
      "rarity": [
        "Rare",
        "Mythic Rare"
      ]
    },
    {
      "type": "card",
      "count": 11,
      "cardName": "Island|ICE"
    },
    {
      "type": "card",
      "count": 11,
      "cardName": "Mountain|ICE"
    }
  ]
}