{
  "name": "Dross Grimnarch",
  "mainDeck": [
    {
      "count": 23,
      "colors": [
        "Black",
        "Blue"
      ],
      "subTypes": [
        "Phyrexian"
      ],
      "rarity": [
        "Common",
        "Uncommon"
      ]
    },
    {
      "count": 15,
      "colors": [
        "Black",
        "Blue"
      ],
      "subTypes": [
        "Phyrexian"
      ],
      "rarity": [
        "Rare",
        "Mythic Rare"
      ]
    },
    {
      "type": "card",
      "count": 11,
      "cardName": "Swamp|UGL"
    },
    {
      "type": "card",
      "count": 11,
      "cardName": "Island|UGL"
    }
  ]
}