{
  "name": "Dross Gladiator",
  "mainDeck": [
    {
      "count": 28,
      "colors": [
        "Black"
      ],
      "subTypes": [
        "Phyrexian"
      ],
      "rarity": [
        "Common",
        "Uncommon"
      ]
    },
    {
      "count": 10,
      "colors": [
        "Black"
      ],
      "subTypes": [
        "Phyrexian"
      ],
      "rarity": [
        "Rare",
        "Mythic Rare"
      ]
    },
    {
      "type": "card",
      "count": 22,
      "cardName": "Swamp|LEB"
    }
  ]
}