{
  "name": "Dwarf",
  "mainDeck": [
    {
      "count": 19,
      "colors": [
        "Red",
        "White"
      ],
      "subTypes": [
        "Dwarf"
      ],
      "rarity": [
        "Common",
        "Uncommon"
      ]
    },
    {
      "count": 19,
      "colors": [
        "Red",
        "White"
      ],
      "subTypes": [
        "Dwarf"
      ],
      "rarity": [
        "Rare",
        "Mythic Rare"
      ]
    },
    {
      "type": "card",
      "count": 11,
      "cardName": "Mountain|ONS"
    },
    {
      "type": "card",
      "count": 11,
      "cardName": "Plains|ONS"
    }
  ]
}