{
  "name": "Faerie",
  "mainDeck": [
    {
      "count": 19,
      "colors": [
        "Blue",
        "Green"
      ],
      "subTypes": [
        "Faerie"
      ],
      "rarity": [
        "Common",
        "Uncommon"
      ]
    },
    {
      "count": 19,
      "colors": [
        "Blue",
        "Green"
      ],
      "subTypes": [
        "Faerie"
      ],
      "rarity": [
        "Rare",
        "Mythic Rare"
      ]
    },
    {
      "type": "card",
      "count": 11,
      "cardName": "Island|ODY"
    },
    {
      "type": "card",
      "count": 11,
      "cardName": "Forest|ODY"
    }
  ]
}