{
  "name": "Frog",
  "mainDeck": [
    {
      "count": 19,
      "colors": [
        "Blue",
        "Black",
        "Green"
      ],
      "subTypes": [
        "Frog"
      ],
      "rarity": [
        "Common",
        "Uncommon"
      ]
    },
    {
      "count": 19,
      "colors": [
        "Blue",
        "Black",
        "Green"
      ],
      "subTypes": [
        "Frog"
      ],
      "rarity": [
        "Rare",
        "Mythic Rare"
      ]
    },
    {
      "type": "card",
      "count": 8,
      "cardName": "Island|USG"
    },
    {
      "type": "card",
      "count": 7,
      "cardName": "Swamp|USG"
    },
    {
      "type": "card",
      "count": 7,
      "cardName": "Forest|USG"
    }
  ]
}