{
  "name": "Furnace Goblin",
  "mainDeck": [
    {
      "count": 28,
      "colors": [
        "Red",
        "Black"
      ],
      "subTypes": [
        "Phyrexian"
      ],
      "rarity": [
        "Common",
        "Uncommon"
      ]
    },
    {
      "count": 10,
      "colors": [
        "Red",
        "Black"
      ],
      "subTypes": [
        "Phyrexian"
      ],
      "rarity": [
        "Rare",
        "Mythic Rare"
      ]
    },
    {
      "type": "card",
      "count": 11,
      "cardName": "Mountain|UGL"
    },
    {
      "type": "card",
      "count": 11,
      "cardName": "Swamp|UGL"
    }
  ]
}