{
  "name": "Golem bad",
  "mainDeck": [
    {
      "count": 34,
      "colors": [
        "Black",
        "Green",
        "White",
        "Blue",
        "Red"
      ],
      "subTypes": [
        "Golem"
      ],
      "rarity": [
        "Common",
        "Uncommon"
      ]
    },
    {
      "count": 4,
      "colors": [
        "Black",
        "Green",
        "White",
        "Blue",
        "Red"
      ],
      "subTypes": [
        "Golem"
      ],
      "rarity": [
        "Rare",
        "Mythic Rare"
      ]
    },
    {
      "type": "card",
      "count": 5,
      "cardName": "Swamp|6ED"
    },
    {
      "type": "card",
      "count": 5,
      "cardName": "Forest|6ED"
    },
    {
      "type": "card",
      "count": 4,
      "cardName": "Plains|6ED"
    },
    {
      "type": "card",
      "count": 4,
      "cardName": "Island|6ED"
    },
    {
      "type": "card",
      "count": 4,
      "cardName": "Mountain|6ED"
    }
  ]
}