{
  "name": "Human bad",
  "mainDeck": [
    {
      "count": 34,
      "colors": [
        "White",
        "Blue",
        "Green"
      ],
      "subTypes": [
        "Human"
      ],
      "rarity": [
        "Common",
        "Uncommon"
      ]
    },
    {
      "count": 4,
      "colors": [
        "White",
        "Blue",
        "Green"
      ],
      "subTypes": [
        "Human"
      ],
      "rarity": [
        "Rare",
        "Mythic Rare"
      ]
    },
    {
      "type": "card",
      "count": 8,
      "cardName": "Plains|4ED"
    },
    {
      "type": "card",
      "count": 7,
      "cardName": "Island|4ED"
    },
    {
      "type": "card",
      "count": 7,
      "cardName": "Forest|4ED"
    }
  ]
}