{
  "name": "Merfolk bad",
  "mainDeck": [
    {
      "count": 34,
      "colors": [
        "Blue"
      ],
      "subTypes": [
        "Merfolk"
      ],
      "rarity": [
        "Common",
        "Uncommon"
      ]
    },
    {
      "count": 4,
      "colors": [
        "Blue"
      ],
      "subTypes": [
        "Merfolk"
      ],
      "rarity": [
        "Rare",
        "Mythic Rare"
      ]
    },
    {
      "type": "card",
      "count": 22,
      "cardName": "Island|UGL"
    }
  ]
}