{
  "name": "Merfolk good",
  "mainDeck": [
    {
      "count": 8,
      "colors": [
        "Blue"
      ],
      "subTypes": [
        "Merfolk"
      ],
      "rarity": [
        "Common",
        "Uncommon"
      ]
    },
    {
      "count": 30,
      "colors": [
        "Blue"
      ],
      "subTypes": [
        "Merfolk"
      ],
      "rarity": [
        "Rare",
        "Mythic Rare"
      ]
    },
    {
      "type": "card",
      "count": 22,
      "cardName": "Island|ICE"
    }
  ]
}