{
  "name": "Monk",
  "mainDeck": [
    {
      "count": 23,
      "colors": [
        "White",
        "Red"
      ],
      "subTypes": [
        "Monk"
      ],
      "rarity": [
        "Common",
        "Uncommon"
      ]
    },
    {
      "count": 15,
      "colors": [
        "White",
        "Red"
      ],
      "subTypes": [
        "Monk"
      ],
      "rarity": [
        "Rare",
        "Mythic Rare"
      ]
    },
    {
      "type": "card",
      "count": 11,
      "cardName": "Plains|3ED"
    },
    {
      "type": "card",
      "count": 11,
      "cardName": "Mountain|3ED"
    }
  ]
}