{
  "name": "Ooze",
  "mainDeck": [
    {
      "count": 15,
      "colors": [
        "Green",
        "Blue",
        "Black"
      ],
      "subTypes": [
        "Ooze"
      ],
      "rarity": [
        "Common",
        "Uncommon"
      ]
    },
    {
      "count": 23,
      "colors": [
        "Green",
        "Blue",
        "Black"
      ],
      "subTypes": [
        "Ooze"
      ],
      "rarity": [
        "Rare",
        "Mythic Rare"
      ]
    },
    {
      "type": "card",
      "count": 8,
      "cardName": "Forest|3ED"
    },
    {
      "type": "card",
      "count": 7,
      "cardName": "Island|3ED"
    },
    {
      "type": "card",
      "count": 7,
      "cardName": "Swamp|3ED"
    }
  ]
}