{
  "name": "Shaman",
  "mainDeck": [
    {
      "count": 23,
      "colors": [
        "Red",
        "Green"
      ],
      "subTypes": [
        "Shaman"
      ],
      "rarity": [
        "Common",
        "Uncommon"
      ]
    },
    {
      "count": 15,
      "colors": [
        "Red",
        "Green"
      ],
      "subTypes": [
        "Shaman"
      ],
      "rarity": [
        "Rare",
        "Mythic Rare"
      ]
    },
    {
      "type": "card",
      "count": 11,
      "cardName": "Mountain|4ED"
    },
    {
      "type": "card",
      "count": 11,
      "cardName": "Forest|4ED"
    }
  ]
}