{
  "name": "Snake",
  "mainDeck": [
    {
      "count": 8,
      "colors": [
        "Green",
        "Blue",
        "Black"
      ],
      "subTypes": [
        "Snake"
      ],
      "rarity": [
        "Common",
        "Uncommon"
      ]
    },
    {
      "count": 30,
      "colors": [
        "Green",
        "Blue",
        "Black"
      ],
      "subTypes": [
        "Snake"
      ],
      "rarity": [
        "Rare",
        "Mythic Rare"
      ]
    },
    {
      "type": "card",
      "count": 8,
      "cardName": "Forest|4ED"
    },
    {
      "type": "card",
      "count": 7,
      "cardName": "Island|4ED"
    },
    {
      "type": "card",
      "count": 7,
      "cardName": "Swamp|4ED"
    }
  ]
}