{
  "name": "Spider",
  "mainDeck": [
    {
      "count": 8,
      "colors": [
        "Green",
        "Black"
      ],
      "subTypes": [
        "Spider"
      ],
      "rarity": [
        "Common",
        "Uncommon"
      ]
    },
    {
      "count": 30,
      "colors": [
        "Green",
        "Black"
      ],
      "subTypes": [
        "Spider"
      ],
      "rarity": [
        "Rare",
        "Mythic Rare"
      ]
    },
    {
      "type": "card",
      "count": 11,
      "cardName": "Forest|PALP"
    },
    {
      "type": "card",
      "count": 11,
      "cardName": "Swamp|PALP"
    }
  ]
}