{
  "name": "Troll",
  "mainDeck": [
    {
      "count": 8,
      "colors": [
        "Red",
        "Green"
      ],
      "subTypes": [
        "Troll"
      ],
      "rarity": [
        "Common",
        "Uncommon"
      ]
    },
    {
      "count": 30,
      "colors": [
        "Red",
        "Green"
      ],
      "subTypes": [
        "Troll"
      ],
      "rarity": [
        "Rare",
        "Mythic Rare"
      ]
    },
    {
      "type": "card",
      "count": 11,
      "cardName": "Mountain|INV"
    },
    {
      "type": "card",
      "count": 11,
      "cardName": "Forest|INV"
    }
  ]
}