{
  "name": "Black",
  "mainDeck": [
    {
      "type": "card",
      "count": 9,
      "cardName": "Swamp|MMQ"
    },
    {
      "type": "card",
      "count": 9,
      "cardName": "Mountain|MMQ"
    },
    {
      "type": "card",
      "count": 9,
      "cardName": "Island|MMQ"
    },
    {
      "count": 9,
      "colors": [
        "black"
      ],
      "rarity": [
        "Uncommon",
        "Common"
      ],
      "manaCosts": [
        1,
        2
      ]
    },
    {
      "count": 6,
      "colors": [
        "red",
        "blue"
      ],
      "rarity": [
        "Uncommon",
        "Common"
      ],
      "manaCosts": [
        1,
        2
      ]
    },
    {
      "count": 6,
      "colors": [
        "black"
      ],
      "rarity": [
        "Uncommon",
        "Common"
      ],
      "manaCosts": [
        3,
        4
      ]
    },
    {
      "count": 3,
      "colors": [
        "red",
        "blue"
      ],
      "rarity": [
        "Uncommon",
        "Common"
      ],
      "manaCosts": [
        3,
        4
      ]
    },
    {
      "count": 9,
      "colors": [
        "black"
      ],
      "rarity": [
        "rare"
      ],
      "manaCosts": [
        5,
        6,
        7,
        8,
        9
      ]
    }
  ]
}