{
  "name": "White",
  "mainDeck": [
    {
      "type": "card",
      "count": 9,
      "cardName": "Plains|MIR"
    },
    {
      "type": "card",
      "count": 9,
      "cardName": "Forest|MIR"
    },
    {
      "type": "card",
      "count": 9,
      "cardName": "Island|MIR"
    },
    {
      "count": 9,
      "colors": [
        "white"
      ],
      "rarity": [
        "Common"
      ],
      "manaCosts": [
        1,
        2
      ]
    },
    {
      "count": 6,
      "colors": [
        "green",
        "blue"
      ],
      "rarity": [
        "Common"
      ],
      "manaCosts": [
        1,
        2
      ]
    },
    {
      "count": 6,
      "colors": [
        "white"
      ],
      "rarity": [
        "Common"
      ],
      "manaCosts": [
        3,
        4
      ]
    },
    {
      "count": 3,
      "colors": [
        "green",
        "blue"
      ],
      "rarity": [
        "Uncommon",
        "Common"
      ],
      "manaCosts": [
        3,
        4
      ]
    },
    {
      "count": 9,
      "colors": [
        "white"
      ],
      "rarity": [
        "Uncommon",
        "Common"
      ],
      "manaCosts": [
        5,
        6
      ]
    }
  ]
}