{
  "name": "White",
  "mainDeck": [
    {
      "type": "card",
      "count": 14,
      "cardName": "Plains|ICE"
    },
    {
      "type": "card",
      "count": 13,
      "cardName": "Forest|ICE"
    },
    {
      "count": 9,
      "colors": [
        "white"
      ],
      "rarity": [
        "Uncommon",
        "Common"
      ],
      "manaCosts": [
        1,
        2
      ]
    },
    {
      "count": 6,
      "colors": [
        "green"
      ],
      "rarity": [
        "Uncommon",
        "Common"
      ],
      "manaCosts": [
        1,
        2
      ]
    },
    {
      "count": 6,
      "colors": [
        "white"
      ],
      "rarity": [
        "Uncommon",
        "Common"
      ],
      "manaCosts": [
        3,
        4
      ]
    },
    {
      "count": 3,
      "colors": [
        "green"
      ],
      "rarity": [
        "Uncommon",
        "Common"
      ],
      "manaCosts": [
        3,
        4
      ]
    },
    {
      "count": 9,
      "colors": [
        "white"
      ],
      "rarity": [
        "rare"
      ],
      "manaCosts": [
        5,
        6,
        7,
        8,
        9
      ]
    }
  ]
}