{
  "name": "Green",
  "mainDeck": [
    {
      "type": "card",
      "count": 9,
      "cardName": "Forest|UGL"
    },
    {
      "type": "card",
      "count": 9,
      "cardName": "Plains|UGL"
    },
    {
      "type": "card",
      "count": 9,
      "cardName": "Mountain|UGL"
    },
    {
      "count": 9,
      "colors": [
        "green"
      ],
      "rarity": [
        "Uncommon",
        "Common"
      ],
      "manaCosts": [
        1,
        2
      ]
    },
    {
      "count": 6,
      "colors": [
        "white",
        "red"
      ],
      "rarity": [
        "Uncommon",
        "Common"
      ],
      "manaCosts": [
        1,
        2
      ]
    },
    {
      "count": 6,
      "colors": [
        "green"
      ],
      "rarity": [
        "Uncommon",
        "Common"
      ],
      "manaCosts": [
        3,
        4
      ]
    },
    {
      "count": 3,
      "colors": [
        "red",
        "white"
      ],
      "rarity": [
        "Uncommon",
        "Common"
      ],
      "manaCosts": [
        3,
        4
      ]
    },
    {
      "count": 9,
      "colors": [
        "green"
      ],
      "rarity": [
        "rare"
      ],
      "manaCosts": [
        5,
        6,
        7,
        8,
        9
      ]
    }
  ]
}