{
  "name": "Red",
  "mainDeck": [
    {
      "type": "card",
      "count": 9,
      "cardName": "Mountain|PTK"
    },
    {
      "type": "card",
      "count": 9,
      "cardName": "Forest|PTK"
    },
    {
      "type": "card",
      "count": 9,
      "cardName": "Swamp|PTK"
    },
    {
      "count": 9,
      "colors": [
        "red"
      ],
      "rarity": [
        "Common"
      ],
      "manaCosts": [
        1,
        2
      ]
    },
    {
      "count": 6,
      "colors": [
        "green",
        "black"
      ],
      "rarity": [
        "Common"
      ],
      "manaCosts": [
        1,
        2
      ]
    },
    {
      "count": 6,
      "colors": [
        "red"
      ],
      "rarity": [
        "Common"
      ],
      "manaCosts": [
        3,
        4
      ]
    },
    {
      "count": 3,
      "colors": [
        "green",
        "black"
      ],
      "rarity": [
        "Uncommon",
        "Common"
      ],
      "manaCosts": [
        3,
        4
      ]
    },
    {
      "count": 9,
      "colors": [
        "red"
      ],
      "rarity": [
        "Uncommon",
        "Common"
      ],
      "manaCosts": [
        5,
        6
      ]
    }
  ]
}