{
  "name": "Blue",
  "mainDeck": [
    {
      "type": "card",
      "count": 9,
      "cardName": "Island|6ED"
    },
    {
      "type": "card",
      "count": 9,
      "cardName": "Plains|6ED"
    },
    {
      "type": "card",
      "count": 9,
      "cardName": "Swamp|6ED"
    },
    {
      "count": 9,
      "colors": [
        "blue"
      ],
      "rarity": [
        "Common"
      ],
      "manaCosts": [
        1,
        2
      ]
    },
    {
      "count": 6,
      "colors": [
        "white",
        "black"
      ],
      "rarity": [
        "Common"
      ],
      "manaCosts": [
        1,
        2
      ]
    },
    {
      "count": 6,
      "colors": [
        "blue"
      ],
      "rarity": [
        "Common"
      ],
      "manaCosts": [
        3,
        4
      ]
    },
    {
      "count": 3,
      "colors": [
        "white",
        "black"
      ],
      "rarity": [
        "Common"
      ],
      "manaCosts": [
        3,
        4
      ]
    },
    {
      "count": 9,
      "colors": [
        "blue"
      ],
      "rarity": [
        "Uncommon",
        "Common"
      ],
      "manaCosts": [
        5,
        6
      ]
    }
  ]
}