{
  "invertHeight": true,
  "collision": true,
  "name": "ocean",
  "startPointX": 0.5,
  "startPointY": 0.5,
  "noiseWeight": 0,
  "distWeight": 0,
  "tilesetName": "Base",
  "tilesetAtlas": "world/tilesets/terrain.atlas",
  "terrain": [
    {
      "spriteName": "Base_1",
      "min": 0,
      "max": 0.2,
      "resolution": 10
    },
    {
      "spriteName": "Base_2",
      "min": 0.8,
      "max": 1.0,
      "resolution": 10
    }
  ],
  "width": 1,
  "height": 1,
  "color": "0054a2",
  "spriteNames": []
}