{
"startPointX": 0.22,
"startPointY": 0.43,
"noiseWeight": 0.5,
"distWeight": 1.5,
"name": "green",
"tilesetAtlas": "world/tilesets/terrain.atlas",
"tilesetName": "Green",
"terrain": [
	{
		"spriteName": "Green_1",
		"max": 0.2,
		"resolution": 10
	},
	{
		"spriteName": "Green_2",
		"min": 0.8,
		"max": 1,
		"resolution": 10
	}
],
"width": 0.7,
"height": 0.7,
"color": "59a650",
"spriteNames": [
	"Stump",
	"Moss",
	"Stone",
	"Flower",
	"Wood"
],
"enemies": [
	"Adept Green Wizard",
	"Ape",
	"Apprentice Green Wizard",
	"Badger",
	"Bear",
	"Beastmaster",
	"Centaur",
	"Centaur Warrior",
	"Challenger 20",
	"Challenger 21",
	"Challenger 22",
	"Copper Host Infector",
	"Eldraine Faerie",
	"Elephant",
	"Elf",
	"Elf warrior",
	"Elk",
	"Faerie",
	"Falcon",
	"Fox",
	"Frog",
	"Giant Panda",
	"Giant Spider",
	"Goblin Fanatic",
	"Gorgon",
	"Gorgon 2",
	"Green Beast",
	"Green Sliver",
	"High Elf",
	"Hydra",
	"Ibis",
	"Kavu",
	"Ladybug",
	"Master Green Wizard",
	"Owl",
	"Plant",
	"Porcupine",
	"Raccoon",
	"Rhino",
	"Satyr",
	"Snake",
	"Spider",
	"Squirrel",
	"Tiger",
	"Triceratops",
	"Treefolk",
	"Treefolk Guardian",
	"Viper",
	"Werewolf",
	"Wild-Magic Sorcerer",
	"Wurm"
],
	"pointsOfInterest": [
		"Green Castle",
		"Forest Capital",
		"Forest Town Generic",
		"Forest Town Identity",
		"Forest Town Tribal",
		"ElfTown",
		"WurmPond",
		"Kavu Lair",
		"Grove",
		"Grove1",
		"Grove2",
		"Grove3",
		"Grove4",
		"Grove5",
		"Grove6",
		"Grove7",
		"Grove8",
		"Fort7",
		"Fort8",
		"Fort9",
		"GroveBamboo",
		"GroveCentaur",
		"GroveGreenDragon",
		"CatLairG",
		"CatLairG1",
		"CatLairG2",
		"CaveG",
		"CaveG1",
		"CaveTroll",
		"CaveReptile",
		"CaveG2",
		"CaveG3",
		"CaveG4",
		"CaveG5",
		"CaveG6",
		"CaveG8",
		"CaveG9",
		"CopperhostForest",
		"Garruk Forest",
		"Scarecrow Farm",
		"Quest_FrostbittenCavern"
	],
"structures": [
	{
		"N": 2,
		"x": 0.5,
		"y": 0.5,
		"structureAtlasPath": "world/structures/green_structures.atlas",
		"sourcePath": "world/structures/models/green.png",
		"maskPath": "world/structures/masks/circle.png",
		"height": 0.5,
		"width": 0.5,
		"symmetry": 1,
		"mappingInfo": [
			{
				"name": "water",
				"color": "000080",
				"collision": true
			},
			{
				"name": "tree",
				"color": "008000",
				"collision": true
			},
			{
				"name": "tree2",
				"color": "004000",
				"collision": true
			},
			{
				"name": "vine",
				"color": "8080ff",
				"collision": true
			},
			{
				"name": "tree3",
				"color": "00c000",
				"collision": true
			},
			{
				"name": "tree4",
				"color": "00f000",
				"collision": true
			},
			{
				"name": "tree5",
				"color": "006000",
				"collision": true
			},
			{
				"name": "rock",
				"color": "808080",
				"collision": true
			},
			{
				"name": "mountain",
				"color": "ff0000",
				"collision": true
			},
			{
				"name": "plant",
				"color": "800000",
				"collision": true
			},
			{
				"name": "bush",
				"color": "ff8080",
				"collision": true
			}
		]
	}
]
}